34, 71, 19, 35, 75, 77, 17, 28, 59, 43, 73, 27, 62, 86, 79, 88, 94, 84, 94, 27, 48
7, 23, 56, 65, 73, 6, 94, 2, 32, 82, 57, 61, 47, 68, 96, 46, 33, 20, 74, 4, 3
20, 90, 31, 95, 23, 1, 57, 75, 92, 1, 39, 76, 9, 57, 33, 86, 75, 22, 40, 22, 4
43, 48, 36, 9, 81, 67, 35, 89, 51, 55, 100, 29, 22, 59, 14, 17, 46, 44, 87, 93, 14
88, 77, 2, 22, 2, 65, 27, 27, 12, 75, 51, 64, 18, 52, 4, 36, 7, 98, 66, 4, 30
30, 97, 2, 13, 60, 84, 68, 27, 51, 22, 79, 76, 39, 71, 75, 56, 84, 10, 7, 1, 7
19, 53, 95, 45, 43, 64, 22, 45, 26, 40, 46, 2, 15, 56, 19, 6, 26, 25, 69, 15, 97
93, 27, 11, 76, 23, 13, 36, 26, 67, 71, 68, 99, 13, 55, 19, 30, 29, 96, 84, 100, 71
18, 32, 99, 32, 50, 72, 24, 89, 79, 6, 32, 100, 65, 12, 36, 3, 7, 86, 38, 76, 91
89, 11, 60, 44, 22, 86, 21, 93, 54, 16, 17, 16, 10, 75, 57, 7, 86, 9, 68, 37, 83
53, 78, 31, 18, 88, 24, 86, 29, 82, 40, 28, 49, 17, 55, 38, 2, 18, 86, 4, 57, 20
70, 46, 28, 43, 2, 96, 75, 57, 63, 39, 39, 85, 21, 29, 18, 93, 62, 84, 43, 26, 55
5, 62, 92, 78, 74, 97, 92, 77, 14, 39, 37, 49, 6, 92, 10, 10, 91, 93, 78, 46, 3
67, 100, 62, 45, 39, 34, 20, 93, 2, 98, 38, 77, 31, 95, 31, 30, 77, 17, 75, 38, 16
34, 16, 86, 9, 31, 98, 79, 34, 66, 40, 19, 82, 93, 3, 35, 90, 17, 93, 77, 23, 38
8, 60, 30, 76, 34, 80, 56, 80, 99, 23, 4, 4, 29, 35, 21, 12, 91, 25, 87, 6, 83
62, 58, 28, 82, 76, 38, 51, 62, 38, 39, 36, 54, 67, 70, 58, 73, 81, 77, 26, 69, 83
21, 98, 33, 34, 52, 15, 79, 98, 67, 75, 96, 71, 58, 82, 81, 16, 32, 40, 67, 77, 90
82, 88, 5, 70, 39, 32, 55, 72, 34, 49, 62, 86, 30, 75, 31, 35, 65, 59, 85, 71, 49
88, 31, 39, 63, 79, 69, 18, 44, 64, 72, 14, 10, 41, 78, 1, 97, 93, 45, 44, 16, 31